date,FOODS,HOBBIES,HOUSEHOLD
2011-01-29,23178,3764,5689
2011-01-30,22758,3357,5634
2011-01-31,17174,2682,3927
2011-02-01,18878,2669,3865
2011-02-02,14603,1814,2729
2011-02-03,22093,3220,3898
2011-02-04,20490,2944,4576
2011-02-05,27751,3986,6195
2011-02-06,24862,2899,4975
2011-02-07,18901,2615,4056
2011-02-08,16963,2547,3561
2011-02-09,17655,2457,3546
2011-02-10,17340,2700,3716
2011-02-11,19038,2822,4585
2011-02-12,25187,3699,5947
2011-02-13,26656,3417,6307
2011-02-14,16015,2233,3556
2011-02-15,17425,2554,4091
2011-02-16,15351,2170,3922
2011-02-17,14290,2049,3979
2011-02-18,16594,2284,4843
2011-02-19,20938,4142,6609
2011-02-20,20028,2978,6277
2011-02-21,16373,2735,4858
2011-02-22,14043,2459,3999
2011-02-23,13932,2758,4067
2011-02-24,13733,2559,3985
2011-02-25,15480,2675,4374
2011-02-26,19905,4088,5915
2011-02-27,20660,2118,5929
2011-02-28,15066,1771,4403
2011-03-01,16568,1833,4471
2011-03-02,16218,1675,4153
2011-03-03,17242,1855,4378
2011-03-04,17512,1653,4407
2011-03-05,23072,2096,6034
2011-03-06,24909,3795,6172
2011-03-07,17588,2687,4287
2011-03-08,16280,2519,3953
2011-03-09,16039,2955,3566
2011-03-10,16007,2686,3933
2011-03-11,18125,2688,4759
2011-03-12,22545,3630,6050
2011-03-13,22239,3282,5896
2011-03-14,17859,2500,4576
2011-03-15,17284,2522,4215
2011-03-16,15685,2736,4344
2011-03-17,15081,2434,4264
2011-03-18,16267,2687,4901
2011-03-19,20467,3702,6430
2011-03-20,20289,3174,6180
2011-03-21,15973,2499,4629
2011-03-22,14176,2303,4013
2011-03-23,13214,2384,3632
2011-03-24,12959,2347,3548
2011-03-25,15485,3239,4626
2011-03-26,19943,3524,6153
2011-03-27,20229,3537,6100
2011-03-28,14704,2738,4007
2011-03-29,13389,2388,3804
2011-03-30,12891,2503,3534
2011-03-31,14675,3120,3947
2011-04-01,19357,3544,5408
2011-04-02,22603,3996,6879
2011-04-03,23396,3504,6158
2011-04-04,17511,2862,4479
2011-04-05,17253,2393,3935
2011-04-06,16584,2427,3645
2011-04-07,16448,2643,3810
2011-04-08,17212,3145,4397
2011-04-09,22221,3501,6023
2011-04-10,22238,3364,5934
2011-04-11,17589,2941,4299
2011-04-12,16825,2607,3786
2011-04-13,15232,2572,3807
2011-04-14,15324,2674,3966
2011-04-15,18016,2807,4659
2011-04-16,19817,3371,6046
2011-04-17,20547,3026,6214
2011-04-18,15127,2790,4472
2011-04-19,13454,2179,3841
2011-04-20,13799,2356,4033
2011-04-21,13741,2176,3851
2011-04-22,16889,2474,4916
2011-04-23,20924,3058,5593
2011-04-24,16870,2446,4702
2011-04-25,12922,2865,4217
2011-04-26,11883,2517,3713
2011-04-27,11616,2515,3798
2011-04-28,11680,2500,3965
2011-04-29,14714,2907,5114
2011-04-30,17776,4039,6286
2011-05-01,19746,3381,5918
2011-05-02,15703,2590,4544
2011-05-03,16581,3002,4497
2011-05-04,14160,2549,4052
2011-05-05,14778,2605,3801
2011-05-06,17267,2828,4391
2011-05-07,19679,3466,5267
2011-05-08,16383,2880,4425
2011-05-09,17988,2670,4366
2011-05-10,15767,2584,3880
2011-05-11,15180,2781,4204
2011-05-12,15559,2811,4043
2011-05-13,17382,3153,5113
2011-05-14,19108,3580,6048
2011-05-15,21766,3466,6088
2011-05-16,15034,3001,4178
2011-05-17,13313,2433,3867
2011-05-18,12618,2485,3667
2011-05-19,12732,2181,3771
2011-05-20,14330,2886,4433
2011-05-21,17661,3604,5847
2011-05-22,17855,3105,5286
2011-05-23,14392,2626,3936
2011-05-24,13175,2336,3692
2011-05-25,13070,2316,3672
2011-05-26,13744,2729,4007
2011-05-27,14825,3272,4384
2011-05-28,17214,3214,5099
2011-05-29,16161,2532,4756
2011-05-30,15540,2159,4839
2011-05-31,13042,2188,4325
2011-06-01,15746,2478,4941
2011-06-02,15980,2375,4326
2011-06-03,18741,2974,5066
2011-06-04,21155,3014,6141
2011-06-05,22466,3204,5934
2011-06-06,19283,2710,4692
2011-06-07,18430,2393,4266
2011-06-08,17456,2845,4152
2011-06-09,17956,2593,4233
2011-06-10,17965,3471,4983
2011-06-11,20553,3453,5934
2011-06-12,22662,2616,5816
2011-06-13,18447,2695,4610
2011-06-14,17047,2781,4327
2011-06-15,18274,2652,4332
2011-06-16,15713,2802,4191
2011-06-17,17170,2836,4706
2011-06-18,19647,3545,5633
2011-06-19,18141,2878,5087
2011-06-20,16915,2703,4643
2011-06-21,15323,2298,4189
2011-06-22,14630,2558,4213
2011-06-23,15464,2822,4494
2011-06-24,16530,3116,4992
2011-06-25,17915,3140,5427
2011-06-26,19008,3124,5536
2011-06-27,15491,2837,4314
2011-06-28,13457,2515,3828
2011-06-29,13565,2522,3843
2011-06-30,14731,2570,4150
2011-07-01,21397,3757,5879
2011-07-02,23387,3681,5933
2011-07-03,21577,2734,4862
2011-07-04,16825,2308,3900
2011-07-05,19385,2660,4551
2011-07-06,18922,2939,4741
2011-07-07,19122,2690,4915
2011-07-08,19641,2787,5251
2011-07-09,22573,3568,6345
2011-07-10,22079,3175,6285
2011-07-11,19331,2493,4768
2011-07-12,17762,2553,4317
2011-07-13,16805,2528,4112
2011-07-14,16738,2392,4317
2011-07-15,19505,2913,4931
2011-07-16,21333,3552,5984
2011-07-17,21346,3202,5786
2011-07-18,17203,2875,4561
2011-07-19,15379,2550,4002
2011-07-20,15844,2512,4131
2011-07-21,15826,2483,4469
2011-07-22,18194,3077,5085
2011-07-23,20353,3666,6265
2011-07-24,19889,3185,5725
2011-07-25,15676,2749,4470
2011-07-26,14496,2520,4179
2011-07-27,14207,2330,3967
2011-07-28,14523,2527,4193
2011-07-29,16711,2700,5131
2011-07-30,18794,3714,6445
2011-07-31,19672,2951,6054
2011-08-01,18297,2990,5320
2011-08-02,17788,2768,4919
2011-08-03,19290,2978,4969
2011-08-04,16481,2566,4666
2011-08-05,18719,2684,5191
2011-08-06,22291,3517,6151
2011-08-07,22867,2811,6328
2011-08-08,19237,2428,4689
2011-08-09,19192,2626,4395
2011-08-10,17236,2784,4558
2011-08-11,17803,2459,4446
2011-08-12,20262,2958,5324
2011-08-13,23357,3223,6423
2011-08-14,24373,3132,6404
2011-08-15,20767,2655,5089
2011-08-16,17832,2601,4833
2011-08-17,16681,2397,4603
2011-08-18,16613,2306,4457
2011-08-19,18594,3007,5403
2011-08-20,21992,3568,6698
2011-08-21,24065,2983,6925
2011-08-22,17855,2577,4892
2011-08-23,15800,2371,4446
2011-08-24,15068,2690,4177
2011-08-25,14616,2501,4297
2011-08-26,16363,2943,4962
2011-08-27,20449,3506,6428
2011-08-28,21993,2431,6202
2011-08-29,15733,1939,4413
2011-08-30,13750,2263,4337
2011-08-31,14788,2316,4619
2011-09-01,18505,2624,5170
2011-09-02,20388,3092,5728
2011-09-03,23937,3513,6582
2011-09-04,19081,2284,5560
2011-09-05,21743,2581,5834
2011-09-06,18482,2744,4908
2011-09-07,17462,2288,4695
2011-09-08,16918,2548,4582
2011-09-09,19975,2748,5523
2011-09-10,23036,3160,6834
2011-09-11,24875,2949,6808
2011-09-12,19155,2257,4726
2011-09-13,17899,2167,4579
2011-09-14,16848,2283,4374
2011-09-15,19053,2543,4747
2011-09-16,18696,2550,5687
2011-09-17,22345,3198,6652
2011-09-18,22705,2853,6476
2011-09-19,17218,2355,4794
2011-09-20,16017,2250,4408
2011-09-21,15245,2328,4223
2011-09-22,15254,2318,4287
2011-09-23,18562,2787,5357
2011-09-24,22717,2992,6757
2011-09-25,23802,2919,6507
2011-09-26,17037,2492,4561
2011-09-27,16115,2393,4280
2011-09-28,15712,2316,4165
2011-09-29,15503,2462,4418
2011-09-30,20642,3363,6177
2011-10-01,27178,3938,8196
2011-10-02,26994,3012,7208
2011-10-03,22299,2983,5173
2011-10-04,18876,2569,4669
2011-10-05,19340,2190,4383
2011-10-06,19367,2356,4343
2011-10-07,21904,2952,5129
2011-10-08,26152,3448,6330
2011-10-09,26780,2864,6296
2011-10-10,21598,2749,5054
2011-10-11,20286,2764,4377
2011-10-12,20503,2334,4577
2011-10-13,19143,2448,4525
2011-10-14,21228,2928,5729
2011-10-15,27704,3545,7177
2011-10-16,26041,2983,7103
2011-10-17,19880,2549,5163
2011-10-18,17184,2358,4660
2011-10-19,15683,2565,4193
2011-10-20,15824,2306,4272
2011-10-21,18939,2890,5301
2011-10-22,23055,3413,6683
2011-10-23,23194,3177,6505
2011-10-24,17135,2581,4800
2011-10-25,15736,2361,4340
2011-10-26,14886,2675,4581
2011-10-27,15679,2765,4538
2011-10-28,18609,3046,5225
2011-10-29,22851,3758,6610
2011-10-30,22638,3022,6193
2011-10-31,15441,2808,4446
2011-11-01,18137,2835,5067
2011-11-02,17526,2616,4666
2011-11-03,19801,2985,5116
2011-11-04,19957,3014,5625
2011-11-05,26236,3734,6917
2011-11-06,27911,3100,6876
2011-11-07,20030,2437,4811
2011-11-08,18567,2388,4233
2011-11-09,19506,2457,4129
2011-11-10,18691,2602,4854
2011-11-11,21652,2778,5325
2011-11-12,25772,3486,6664
2011-11-13,26203,2688,6457
2011-11-14,19385,2663,4725
2011-11-15,19738,2416,4547
2011-11-16,17172,2373,4383
2011-11-17,16538,2350,4226
2011-11-18,18711,2764,5032
2011-11-19,23660,3229,6656
2011-11-20,23044,3203,6506
2011-11-21,18295,2516,4763
2011-11-22,18554,2285,4815
2011-11-23,23261,2460,5066
2011-11-24,14489,1140,2798
2011-11-25,16733,2631,4634
2011-11-26,17121,2948,5223
2011-11-27,19262,2615,5257
2011-11-28,15668,2449,4261
2011-11-29,14907,2769,3908
2011-11-30,14770,2393,3926
2011-12-01,18321,3151,4796
2011-12-02,21160,3164,5403
2011-12-03,27404,4238,6487
2011-12-04,25427,3318,6333
2011-12-05,21909,2623,4688
2011-12-06,20495,2661,4111
2011-12-07,18883,2581,3989
2011-12-08,19365,2747,4235
2011-12-09,21637,2955,4846
2011-12-10,25296,3417,6073
2011-12-11,27114,2830,5799
2011-12-12,22015,2831,4305
2011-12-13,20528,2443,3942
2011-12-14,20201,2485,4108
2011-12-15,22490,2894,4260
2011-12-16,21275,2914,4696
2011-12-17,24797,3270,6092
2011-12-18,23652,2802,5633
2011-12-19,19961,2627,4480
2011-12-20,19255,2620,4387
2011-12-21,19578,2763,4321
2011-12-22,20555,2945,4682
2011-12-23,25966,3350,5330
2011-12-24,23432,2580,3946
2011-12-25,13,0,0
2011-12-26,19210,3244,5578
2011-12-27,17379,2538,4734
2011-12-28,17401,2548,4842
2011-12-29,17149,2427,4965
2011-12-30,23501,3581,6570
2011-12-31,25041,2849,5861
2012-01-01,15898,1825,4084
2012-01-02,23631,3082,6340
2012-01-03,21115,2649,4987
2012-01-04,18627,2526,4668
2012-01-05,21132,2433,4934
2012-01-06,22325,2957,5123
2012-01-07,27327,3468,6348
2012-01-08,27712,2708,6302
2012-01-09,21688,2203,4315
2012-01-10,19807,2467,4366
2012-01-11,21772,2844,4428
2012-01-12,18816,2110,3789
2012-01-13,21831,2631,5001
2012-01-14,26918,3371,6526
2012-01-15,27677,2977,5805
2012-01-16,22421,2797,5330
2012-01-17,16683,1988,3516
2012-01-18,18539,2508,4301
2012-01-19,17552,2414,4068
2012-01-20,19766,2419,5019
2012-01-21,27425,3827,7326
2012-01-22,23909,2585,6093
2012-01-23,17725,2426,4551
2012-01-24,16927,2462,4160
2012-01-25,16204,2244,3960
2012-01-26,16251,2550,4436
2012-01-27,19221,2789,5189
2012-01-28,24127,3696,6539
2012-01-29,24108,3212,6257
2012-01-30,18278,2227,4683
2012-01-31,17948,2492,4684
2012-02-01,20989,3012,5850
2012-02-02,20819,2682,5114
2012-02-03,25333,3308,6463
2012-02-04,30722,4026,8281
2012-02-05,30180,3156,6739
2012-02-06,22951,2546,5184
2012-02-07,20626,2438,5044
2012-02-08,21170,2323,5086
2012-02-09,22467,2605,4855
2012-02-10,22101,2676,5086
2012-02-11,30252,3926,7579
2012-02-12,31167,3283,7454
2012-02-13,24331,2335,5009
2012-02-14,18774,2295,4031
2012-02-15,19494,2484,4900
2012-02-16,17551,2579,5065
2012-02-17,18998,2860,5746
2012-02-18,25763,3581,7278
2012-02-19,25964,3137,7237
2012-02-20,21666,2430,6122
2012-02-21,17853,2564,4773
2012-02-22,16958,2460,4697
2012-02-23,17631,2440,5140
2012-02-24,19849,2599,5422
2012-02-25,24666,3723,7380
2012-02-26,25699,3314,7268
2012-02-27,19498,2440,5332
2012-02-28,17124,2471,4764
2012-02-29,17347,2525,4930
2012-03-01,21248,3025,5959
2012-03-02,23537,3121,5885
2012-03-03,29739,3809,7771
2012-03-04,29217,3462,7646
2012-03-05,24562,2635,5506
2012-03-06,23686,2604,5242
2012-03-07,20866,2586,5156
2012-03-08,21797,2593,5369
2012-03-09,24112,2602,5608
2012-03-10,28103,3590,7866
2012-03-11,29549,3292,7771
2012-03-12,24391,2481,5629
2012-03-13,21406,2351,5343
2012-03-14,20598,2247,4996
2012-03-15,22828,2643,5281
2012-03-16,22504,2804,5643
2012-03-17,26869,3552,7483
2012-03-18,26962,3103,7629
2012-03-19,20626,2777,5784
2012-03-20,18225,2430,4878
2012-03-21,18902,2349,4976
2012-03-22,18815,2253,4947
2012-03-23,20793,2817,5445
2012-03-24,26487,3559,7043
2012-03-25,27345,3133,7365
2012-03-26,19662,2321,5199
2012-03-27,17673,2467,4509
2012-03-28,17683,2376,4724
2012-03-29,16997,2366,4516
2012-03-30,21607,3145,5980
2012-03-31,26537,4013,7913
2012-04-01,29224,3102,7457
2012-04-02,23227,2818,5314
2012-04-03,24983,2767,5283
2012-04-04,21111,2282,4925
2012-04-05,23815,2530,5023
2012-04-06,28602,3085,5858
2012-04-07,34587,3757,7294
2012-04-08,27883,2290,6037
2012-04-09,23870,2672,5451
2012-04-10,21164,2586,5050
2012-04-11,21572,2859,5144
2012-04-12,21116,2597,4855
2012-04-13,22686,3234,6018
2012-04-14,27546,3623,7377
2012-04-15,28433,3224,7050
2012-04-16,19680,2848,5144
2012-04-17,18939,2303,4825
2012-04-18,17589,2392,4718
2012-04-19,17751,2590,4483
2012-04-20,20271,2613,5259
2012-04-21,26514,3245,6949
2012-04-22,26894,3014,6856
2012-04-23,19078,2670,4922
2012-04-24,17829,2459,4560
2012-04-25,17621,2498,4329
2012-04-26,17733,2282,4515
2012-04-27,20502,2825,5650
2012-04-28,25131,3534,6982
2012-04-29,25978,3407,6739
2012-04-30,19645,2393,5318
2012-05-01,21643,2846,5801
2012-05-02,21481,2736,5022
2012-05-03,24223,3228,5508
2012-05-04,24116,3180,5636
2012-05-05,29358,3268,6575
2012-05-06,31323,3375,6831
2012-05-07,26266,2204,5007
2012-05-08,23671,2074,4688
2012-05-09,23528,2090,4586
2012-05-10,21741,2203,4220
2012-05-11,25591,2279,4944
2012-05-12,31472,2714,6686
2012-05-13,26101,2306,5362
2012-05-14,24377,2063,5143
2012-05-15,24516,2244,4998
2012-05-16,21413,2289,4975
2012-05-17,20836,1986,4501
2012-05-18,24572,2338,5401
2012-05-19,28523,2855,6551
2012-05-20,29991,2644,6879
2012-05-21,21320,2175,5310
2012-05-22,20500,1951,5051
2012-05-23,19877,1947,4799
2012-05-24,21049,2164,4750
2012-05-25,24619,2424,5754
2012-05-26,27755,2790,6694
2012-05-27,25055,2798,6000
2012-05-28,24793,2652,5962
2012-05-29,20884,2620,5116
2012-05-30,19506,2547,5097
2012-05-31,20298,2896,5615
2012-06-01,26898,3774,8857
2012-06-02,32202,3743,8998
2012-06-03,33122,3287,7501
2012-06-04,24514,2967,5813
2012-06-05,26183,2556,5267
2012-06-06,25754,2879,4954
2012-06-07,24494,2773,5268
2012-06-08,27811,3280,5810
2012-06-09,32770,3513,7026
2012-06-10,32818,3315,8811
2012-06-11,29649,2787,7200
2012-06-12,26197,2431,6446
2012-06-13,23692,2736,6502
2012-06-14,24772,2500,6510
2012-06-15,30641,3201,7956
2012-06-16,31590,3826,9022
2012-06-17,28421,2927,7691
2012-06-18,24353,2784,6963
2012-06-19,22653,2513,6801
2012-06-20,22145,2603,6720
2012-06-21,21436,2854,6474
2012-06-22,25388,3602,7487
2012-06-23,28070,3248,8692
2012-06-24,28785,3207,8517
2012-06-25,22147,2609,7091
2012-06-26,20473,2737,6161
2012-06-27,20323,2527,6035
2012-06-28,21063,2468,6054
2012-06-29,24863,3434,8080
2012-06-30,27386,3985,9223
2012-07-01,29233,2636,8830
2012-07-02,26523,2314,7026
2012-07-03,29682,2414,7446
2012-07-04,24727,1930,5999
2012-07-05,25331,2081,6996
2012-07-06,29846,2638,7507
2012-07-07,30605,2677,8149
2012-07-08,31165,3367,8140
2012-07-09,26688,2647,6435
2012-07-10,23631,2630,6326
2012-07-11,24229,2711,6132
2012-07-12,24277,2567,6233
2012-07-13,25931,3300,7351
2012-07-14,29842,3692,8814
2012-07-15,31949,3216,8524
2012-07-16,23498,2868,6654
2012-07-17,21854,2596,5968
2012-07-18,20397,2661,5858
2012-07-19,21435,3137,6292
2012-07-20,24826,3405,7171
2012-07-21,27794,3593,8157
2012-07-22,28210,3390,8352
2012-07-23,21925,2735,6204
2012-07-24,21127,2301,6051
2012-07-25,20424,2126,5804
2012-07-26,20162,2277,6099
2012-07-27,22830,2457,6553
2012-07-28,24118,2783,7687
2012-07-29,25927,2444,7776
2012-07-30,20822,2094,6017
2012-07-31,20591,2353,6587
2012-08-01,23954,2563,7453
2012-08-02,25294,2604,7362
2012-08-03,28727,2833,7951
2012-08-04,29657,2810,8809
2012-08-05,31801,2629,8579
2012-08-06,27608,2268,7148
2012-08-07,23779,2166,6449
2012-08-08,24043,2023,6235
2012-08-09,26042,2007,6959
2012-08-10,25861,2445,8159
2012-08-11,32103,2716,9262
2012-08-12,33640,2647,9511
2012-08-13,26301,2055,7674
2012-08-14,25053,2075,7184
2012-08-15,26310,2254,6933
2012-08-16,24791,2452,7162
2012-08-17,25186,2490,7781
2012-08-18,29402,2885,9234
2012-08-19,30722,2912,9730
2012-08-20,23145,2071,7194
2012-08-21,21221,1954,7031
2012-08-22,19995,2203,6724
2012-08-23,19900,2012,6640
2012-08-24,22808,2439,7797
2012-08-25,27425,2812,9727
2012-08-26,29159,2754,9108
2012-08-27,21742,2355,6913
2012-08-28,20118,2112,6242
2012-08-29,18979,2061,6061
2012-08-30,19819,1952,6532
2012-08-31,24435,2992,9665
2012-09-01,30247,3375,11008
2012-09-02,30330,2609,9880
2012-09-03,32349,2469,9707
2012-09-04,22229,2308,7342
2012-09-05,22931,2102,6821
2012-09-06,23038,2224,7313
2012-09-07,24337,2327,8111
2012-09-08,29363,3017,10838
2012-09-09,32936,2831,10882
2012-09-10,23144,2041,7787
2012-09-11,23088,2151,7131
2012-09-12,22506,1896,6616
2012-09-13,20926,2028,7188
2012-09-14,24991,2510,8858
2012-09-15,32157,3065,10737
2012-09-16,30901,3190,10195
2012-09-17,22105,2195,7560
2012-09-18,19639,2507,7130
2012-09-19,18408,2195,6462
2012-09-20,19301,2096,7160
2012-09-21,22378,2483,8773
2012-09-22,27922,3211,10756
2012-09-23,27876,2775,10711
2012-09-24,19740,2280,7156
2012-09-25,18975,1942,7062
2012-09-26,18298,2052,6582
2012-09-27,18276,2193,6762
2012-09-28,21928,2555,8173
2012-09-29,27507,2985,10489
2012-09-30,27352,2742,9642
2012-10-01,23833,2522,8486
2012-10-02,24338,2362,7130
2012-10-03,24361,2476,7383
2012-10-04,20913,2434,6728
2012-10-05,24515,2432,7641
2012-10-06,31141,2950,9949
2012-10-07,29673,2757,9442
2012-10-08,24230,2189,7371
2012-10-09,23636,2246,6413
2012-10-10,21331,2020,6618
2012-10-11,21622,2220,6156
2012-10-12,24707,2568,7777
2012-10-13,28872,3042,10312
2012-10-14,29499,2743,9995
2012-10-15,24260,2187,7237
2012-10-16,19213,1973,6683
2012-10-17,18531,2112,6460
2012-10-18,17729,2249,6191
2012-10-19,20116,2380,7215
2012-10-20,24247,2815,9627
2012-10-21,24911,2763,9313
2012-10-22,18082,2117,6513
2012-10-23,17205,2050,6164
2012-10-24,16486,2128,5776
2012-10-25,16225,2094,5993
2012-10-26,21648,2777,7438
2012-10-27,26069,3015,9463
2012-10-28,25456,2812,8916
2012-10-29,18854,2342,6385
2012-10-30,19666,2373,6041
2012-10-31,17521,2001,5453
2012-11-01,20551,2518,7982
2012-11-02,24094,2954,8466
2012-11-03,31396,3307,10376
2012-11-04,29166,2915,10464
2012-11-05,23990,2145,6922
2012-11-06,22357,2029,6128
2012-11-07,21404,2072,6207
2012-11-08,22229,2191,6337
2012-11-09,25947,2413,7362
2012-11-10,30152,3237,9495
2012-11-11,31469,3004,9044
2012-11-12,24447,2202,6564
2012-11-13,20713,2120,5475
2012-11-14,20250,1876,5709
2012-11-15,21876,1967,5870
2012-11-16,22120,2396,7100
2012-11-17,27847,3157,9437
2012-11-18,26083,2609,8884
2012-11-19,20534,2253,6543
2012-11-20,21783,2205,6286
2012-11-21,25814,2195,7199
2012-11-22,16806,1064,4039
2012-11-23,15448,1958,6017
2012-11-24,20047,2335,7634
2012-11-25,22240,2579,7913
2012-11-26,17631,2253,6592
2012-11-27,16702,1927,5860
2012-11-28,16091,1964,5490
2012-11-29,16222,2036,5610
2012-11-30,19942,2471,7976
2012-12-01,28613,3432,10451
2012-12-02,28916,2780,9244
2012-12-03,24834,2661,7842
2012-12-04,20223,2292,6304
2012-12-05,23165,2237,5782
2012-12-06,22771,2134,6219
2012-12-07,23991,2386,7217
2012-12-08,29897,2927,8749
2012-12-09,31226,2877,8423
2012-12-10,22891,2345,5853
2012-12-11,22120,2223,5955
2012-12-12,22416,2300,5300
2012-12-13,20762,2194,5715
2012-12-14,23976,2368,6558
2012-12-15,30620,3105,8665
2012-12-16,28690,2891,8472
2012-12-17,22260,2364,6401
2012-12-18,22052,2257,5945
2012-12-19,23370,2508,5904
2012-12-20,22648,2159,6065
2012-12-21,23188,2795,6865
2012-12-22,28583,2976,8456
2012-12-23,28624,2586,7777
2012-12-24,24903,1865,5855
2012-12-25,11,0,0
2012-12-26,19822,2172,7707
2012-12-27,19236,2183,7667
2012-12-28,21208,2377,8762
2012-12-29,24343,2555,10256
2012-12-30,24322,2352,9025
2012-12-31,25935,2028,7073
2013-01-01,16828,1558,5701
2013-01-02,22648,2145,7391
2013-01-03,26156,2352,7733
2013-01-04,23357,2412,7973
2013-01-05,30987,2784,9516
2013-01-06,32464,2682,8848
2013-01-07,24699,2000,6818
2013-01-08,23130,2041,6049
2013-01-09,22884,1865,4783
2013-01-10,22345,2141,5307
2013-01-11,25522,2416,6538
2013-01-12,33861,2956,9061
2013-01-13,30024,2630,7553
2013-01-14,23223,1968,5423
2013-01-15,23516,1979,5406
2013-01-16,20568,2041,6193
2013-01-17,20109,2248,6013
2013-01-18,22682,2400,7730
2013-01-19,29292,3147,9828
2013-01-20,26056,2612,8373
2013-01-21,21587,2603,6697
2013-01-22,17919,2052,5585
2013-01-23,16904,2954,5736
2013-01-24,16685,2852,5430
2013-01-25,19707,3372,6773
2013-01-26,26805,4286,9602
2013-01-27,25966,3840,8621
2013-01-28,18993,2806,5997
2013-01-29,17484,2919,5146
2013-01-30,16038,2574,4911
2013-01-31,17846,2961,5944
2013-02-01,25582,4200,9294
2013-02-02,34887,5210,10935
2013-02-03,30430,2868,8260
2013-02-04,20219,2551,6222
2013-02-05,22707,2347,6579
2013-02-06,22953,2650,6334
2013-02-07,20991,2199,6509
2013-02-08,24889,2702,7955
2013-02-09,31984,3364,10504
2013-02-10,29611,3886,10413
2013-02-11,25937,3241,7439
2013-02-12,25415,3132,7594
2013-02-13,27334,3334,7883
2013-02-14,21202,2646,6361
2013-02-15,25413,3507,9340
2013-02-16,28916,4454,11787
2013-02-17,29237,3826,11590
2013-02-18,22970,3020,8648
2013-02-19,18853,2695,6700
2013-02-20,20025,2967,7209
2013-02-21,20867,2895,7646
2013-02-22,21138,3329,8096
2013-02-23,27466,4759,10806
2013-02-24,29355,3916,10871
2013-02-25,21493,2985,7542
2013-02-26,18291,2617,6420
2013-02-27,18071,2846,6967
2013-02-28,19375,3278,7721
2013-03-01,24951,4230,10270
2013-03-02,32356,5171,12245
2013-03-03,33910,3380,10957
2013-03-04,24929,2622,8266
2013-03-05,22419,2233,6584
2013-03-06,23062,2271,6695
2013-03-07,21086,2160,6524
2013-03-08,23972,2516,7804
2013-03-09,30868,3347,10674
2013-03-10,29767,3851,10490
2013-03-11,25051,3230,8157
2013-03-12,23643,2832,7317
2013-03-13,21754,2912,7142
2013-03-14,22943,3075,7149
2013-03-15,25947,3506,8048
2013-03-16,28892,4029,10731
2013-03-17,28515,3700,10355
2013-03-18,21001,2928,7436
2013-03-19,19166,2982,6864
2013-03-20,19435,3013,7008
2013-03-21,19562,2914,7166
2013-03-22,21670,3627,7871
2013-03-23,26036,4387,10197
2013-03-24,27124,3294,10215
2013-03-25,20071,2389,7207
2013-03-26,19691,2117,6824
2013-03-27,19087,2621,6550
2013-03-28,20338,2341,6975
2013-03-29,26055,2846,9166
2013-03-30,32020,3315,11075
2013-03-31,24003,2695,7750
2013-04-01,21706,3496,9320
2013-04-02,22632,3612,8398
2013-04-03,23573,3541,8480
2013-04-04,21193,2893,8088
2013-04-05,25379,3771,8906
2013-04-06,31473,4289,11059
2013-04-07,30830,4268,11346
2013-04-08,23785,3075,8157
2013-04-09,23043,3109,7598
2013-04-10,21393,3172,6876
2013-04-11,22549,3243,6900
2013-04-12,24774,3322,7986
2013-04-13,28709,4569,10367
2013-04-14,29264,4249,10477
2013-04-15,23237,3377,7488
2013-04-16,20672,3075,7292
2013-04-17,19375,2775,6665
2013-04-18,18442,3141,6891
2013-04-19,21730,3319,7780
2013-04-20,26066,4384,10407
2013-04-21,25582,3967,10382
2013-04-22,19172,3319,7460
2013-04-23,17401,2876,6782
2013-04-24,17545,3327,6735
2013-04-25,17554,3095,6827
2013-04-26,19704,3522,7980
2013-04-27,22315,3849,9165
2013-04-28,25399,3295,10208
2013-04-29,18096,2097,7252
2013-04-30,18544,2471,7129
2013-05-01,20574,2541,8243
2013-05-02,21954,2313,7474
2013-05-03,25476,2767,8707
2013-05-04,27819,3072,9921
2013-05-05,29669,3751,9783
2013-05-06,24738,3109,7521
2013-05-07,21957,2775,6941
2013-05-08,21410,3038,6898
2013-05-09,22813,3350,6775
2013-05-10,22375,3581,7541
2013-05-11,30396,4903,10086
2013-05-12,25844,3125,8421
2013-05-13,23482,3249,7878
2013-05-14,22246,3273,7366
2013-05-15,23815,3505,7291
2013-05-16,21219,3225,7493
2013-05-17,22988,3395,8299
2013-05-18,26413,4278,10139
2013-05-19,28247,4086,10340
2013-05-20,22301,3219,8126
2013-05-21,19944,3089,7253
2013-05-22,18765,3182,6988
2013-05-23,20410,3304,7188
2013-05-24,22671,3961,8449
2013-05-25,25491,4191,9461
2013-05-26,23971,3579,8499
2013-05-27,23786,3503,8988
2013-05-28,18871,3316,7111
2013-05-29,17287,3140,6540
2013-05-30,18359,2920,6846
2013-05-31,23075,3648,9363
2013-06-01,28849,4518,11441
2013-06-02,31298,4693,11511
2013-06-03,26292,3934,9019
2013-06-04,22851,3188,7770
2013-06-05,24576,3701,7634
2013-06-06,23404,3377,7385
2013-06-07,25723,3645,8234
2013-06-08,30454,4272,9921
2013-06-09,33633,4159,10372
2013-06-10,25646,3338,7785
2013-06-11,24396,3170,7059
2013-06-12,23761,3262,6919
2013-06-13,23801,3499,6888
2013-06-14,27608,3644,8515
2013-06-15,32134,4131,10044
2013-06-16,27319,3783,8588
2013-06-17,23283,3247,7588
2013-06-18,20606,3322,7249
2013-06-19,20674,3312,7084
2013-06-20,21402,3367,7002
2013-06-21,24488,3895,8320
2013-06-22,27911,4409,9956
2013-06-23,29458,3689,10128
2013-06-24,22707,3478,7933
2013-06-25,21243,3256,7104
2013-06-26,20832,3144,6380
2013-06-27,21410,3113,6934
2013-06-28,25490,3365,7898
2013-06-29,31071,4001,9877
2013-06-30,30544,4326,9953
2013-07-01,26314,3728,8674
2013-07-02,26303,3188,7751
2013-07-03,31602,3946,8451
2013-07-04,27106,2883,6794
2013-07-05,28648,3578,8581
2013-07-06,28951,3777,9104
2013-07-07,31319,3548,9757
2013-07-08,26562,3044,7854
2013-07-09,27131,2704,7418
2013-07-10,24293,3000,7286
2013-07-11,25863,3051,7447
2013-07-12,28372,3532,9375
2013-07-13,30521,3675,10989
2013-07-14,32337,3634,10701
2013-07-15,26504,3079,8041
2013-07-16,22897,3257,7783
2013-07-17,22318,3044,7105
2013-07-18,23872,3013,7036
2013-07-19,24589,3375,8230
2013-07-20,27666,4373,9488
2013-07-21,28334,3823,9882
2013-07-22,22238,2834,7131
2013-07-23,21349,3101,6854
2013-07-24,20791,2835,7842
2013-07-25,21528,3066,7222
2013-07-26,24752,3465,8626
2013-07-27,27739,3812,10121
2013-07-28,27807,3508,9165
2013-07-29,21587,3064,7112
2013-07-30,20370,2992,6800
2013-07-31,20925,3214,7116
2013-08-01,25116,3540,8653
2013-08-02,28261,4131,9271
2013-08-03,32470,4312,10323
2013-08-04,30305,3708,10426
2013-08-05,27486,3546,8117
2013-08-06,26383,3079,7232
2013-08-07,25500,2610,6969
2013-08-08,24957,2796,7133
2013-08-09,28796,3280,8623
2013-08-10,30667,3716,10529
2013-08-11,33862,3458,10200
2013-08-12,27951,3123,7679
2013-08-13,25096,2873,7175
2013-08-14,24005,2961,6766
2013-08-15,26910,2904,7829
2013-08-16,26324,3361,8340
2013-08-17,30301,3931,10199
2013-08-18,30396,3629,10869
2013-08-19,24274,2867,8096
2013-08-20,21256,2934,7435
2013-08-21,22326,3130,7177
2013-08-22,21472,2861,7460
2013-08-23,25269,3566,8278
2013-08-24,30500,3850,10486
2013-08-25,33880,4035,10662
2013-08-26,23550,2758,7892
2013-08-27,22994,2823,7146
2013-08-28,22293,3110,7053
2013-08-29,22012,2809,6889
2013-08-30,28387,3753,9481
2013-08-31,32728,4115,11129
2013-09-01,32305,2676,9760
2013-09-02,34391,2580,10101
2013-09-03,27725,2105,7969
2013-09-04,24197,1955,7176
2013-09-05,26048,2087,7290
2013-09-06,28227,2339,8118
2013-09-07,34533,2625,10442
2013-09-08,37186,4095,10459
2013-09-09,29345,2817,7603
2013-09-10,24918,2675,7070
2013-09-11,26313,2859,7023
2013-09-12,26569,3028,7170
2013-09-13,28463,3949,8559
2013-09-14,34404,4049,10713
2013-09-15,35849,4047,11074
2013-09-16,25785,2946,8044
2013-09-17,22579,2937,7055
2013-09-18,21622,2764,6895
2013-09-19,20877,2713,7233
2013-09-20,23911,3495,8875
2013-09-21,30161,4349,11491
2013-09-22,31063,3972,11175
2013-09-23,22380,3243,7161
2013-09-24,21241,3077,6746
2013-09-25,20242,2947,6770
2013-09-26,20733,2926,6989
2013-09-27,23512,3538,8452
2013-09-28,29453,4511,10477
2013-09-29,29944,4012,10440
2013-09-30,21646,3334,7913
2013-10-01,23793,3685,9252
2013-10-02,22848,3446,7606
2013-10-03,25012,3750,8453
2013-10-04,24442,3907,8985
2013-10-05,33455,4104,11218
2013-10-06,34435,4096,11357
2013-10-07,25777,3262,7964
2013-10-08,24139,3310,7095
2013-10-09,24914,3023,6809
2013-10-10,23807,3358,6854
2013-10-11,26630,3492,7971
2013-10-12,31913,4455,10213
2013-10-13,31863,4164,10316
2013-10-14,25771,3472,7593
2013-10-15,23735,2892,6586
2013-10-16,22082,3262,7333
2013-10-17,21028,3152,6358
2013-10-18,22782,3756,7799
2013-10-19,27938,4242,9863
2013-10-20,29137,4211,10004
2013-10-21,21483,3059,7317
2013-10-22,19129,3236,6592
2013-10-23,19365,3572,6588
2013-10-24,19276,3235,6749
2013-10-25,22628,3476,7773
2013-10-26,27956,4571,9927
2013-10-27,26978,4066,9621
2013-10-28,21653,3273,7132
2013-10-29,19904,3198,6427
2013-10-30,21171,3394,6571
2013-10-31,18964,2588,5482
2013-11-01,25460,4337,9930
2013-11-02,31225,4350,11518
2013-11-03,33754,4429,10190
2013-11-04,22912,3014,7046
2013-11-05,24026,3178,6883
2013-11-06,23798,2982,6250
2013-11-07,22136,3250,6567
2013-11-08,24859,3208,7393
2013-11-09,31660,4227,9830
2013-11-10,29899,4065,9941
2013-11-11,26128,3202,7066
2013-11-12,23272,3063,5940
2013-11-13,20371,3034,5850
2013-11-14,20322,3325,5821
2013-11-15,24493,3898,7384
2013-11-16,29763,4446,10378
2013-11-17,28723,3969,9897
2013-11-18,21947,3286,6877
2013-11-19,19297,3277,5948
2013-11-20,18414,3296,6205
2013-11-21,19361,3052,6286
2013-11-22,21528,3742,7593
2013-11-23,26150,4127,9770
2013-11-24,24928,4243,9275
2013-11-25,19210,3205,6230
2013-11-26,21251,3347,6695
2013-11-27,25127,3593,7419
2013-11-28,14419,1424,3996
2013-11-29,15937,2704,7432
2013-11-30,19287,3604,8655
2013-12-01,25392,3921,8874
2013-12-02,26047,3645,7395
2013-12-03,26438,3934,7652
2013-12-04,21925,3426,6168
2013-12-05,24432,3590,7129
2013-12-06,25910,3667,7322
2013-12-07,31504,4133,8813
2013-12-08,28556,3666,8202
2013-12-09,24558,3092,6003
2013-12-10,22078,3288,6056
2013-12-11,22275,2877,5759
2013-12-12,22776,3284,5609
2013-12-13,25283,3881,6999
2013-12-14,28481,4114,8933
2013-12-15,30129,3673,9295
2013-12-16,22834,3277,6363
2013-12-17,21308,3130,5900
2013-12-18,21815,3829,6048
2013-12-19,22707,3403,6301
2013-12-20,21926,3609,6588
2013-12-21,27088,4507,8879
2013-12-22,23377,3709,7829
2013-12-23,24675,3552,7062
2013-12-24,22944,2722,5411
2013-12-25,20,0,0
2013-12-26,21267,3646,7814
2013-12-27,21485,3833,7777
2013-12-28,23964,3645,8881
2013-12-29,23246,3251,7624
2013-12-30,22107,3327,6859
2013-12-31,25746,2804,6261
2014-01-01,16959,2038,4848
2014-01-02,22152,3633,6868
2014-01-03,26981,3985,7904
2014-01-04,30889,4329,9398
2014-01-05,33305,3707,8290
2014-01-06,23856,2922,5634
2014-01-07,22468,2845,5639
2014-01-08,23783,3073,6117
2014-01-09,24079,3165,5953
2014-01-10,22462,3147,7157
2014-01-11,33828,4205,9765
2014-01-12,34073,3815,8970
2014-01-13,23707,3501,6506
2014-01-14,21919,2775,5529
2014-01-15,22549,3002,6028
2014-01-16,22212,2863,6115
2014-01-17,24220,3787,7233
2014-01-18,29444,4285,9504
2014-01-19,27821,3635,8971
2014-01-20,22041,3268,7397
2014-01-21,19150,2687,6017
2014-01-22,18956,3310,5931
2014-01-23,17900,2741,5603
2014-01-24,21392,3008,6488
2014-01-25,27315,3972,9242
2014-01-26,27873,3798,8526
2014-01-27,20830,3147,6083
2014-01-28,16722,2253,5025
2014-01-29,17223,2474,5286
2014-01-30,18047,3062,5908
2014-01-31,23319,4375,8795
2014-02-01,30569,4261,10503
2014-02-02,31405,3506,8986
2014-02-03,26133,3558,7603
2014-02-04,20953,3254,6370
2014-02-05,22514,3011,6151
2014-02-06,23162,3112,6115
2014-02-07,23379,3483,7393
2014-02-08,31534,4365,11209
2014-02-09,33181,3555,11304
2014-02-10,22641,2893,7613
2014-02-11,23211,3092,7230
2014-02-12,25428,3182,8128
2014-02-13,26663,2989,7831
2014-02-14,23402,3148,7360
2014-02-15,29255,4291,11419
2014-02-16,29007,3536,11289
2014-02-17,22424,3015,9118
2014-02-18,20341,2768,7601
2014-02-19,20114,2681,7616
2014-02-20,19239,2914,7550
2014-02-21,21484,3261,8581
2014-02-22,26444,3910,11134
2014-02-23,29427,3589,11411
2014-02-24,21331,2913,7553
2014-02-25,19748,2959,7018
2014-02-26,17286,2696,6369
2014-02-27,18947,2728,7215
2014-02-28,22126,3314,8758
2014-03-01,29437,4261,11798
2014-03-02,31375,4007,11395
2014-03-03,25177,3418,8606
2014-03-04,20444,2675,6947
2014-03-05,21778,2756,6744
2014-03-06,22628,3166,6868
2014-03-07,23732,3246,7886
2014-03-08,28904,3967,10614
2014-03-09,35651,3678,10761
2014-03-10,26372,3011,8123
2014-03-11,24913,2581,7073
2014-03-12,24854,3050,7038
2014-03-13,23146,2842,7096
2014-03-14,25471,3486,7989
2014-03-15,30233,3880,10595
2014-03-16,30777,3766,10833
2014-03-17,21828,2952,7304
2014-03-18,20277,2772,7046
2014-03-19,19778,2745,6861
2014-03-20,19783,2565,6461
2014-03-21,22445,3093,7664
2014-03-22,27474,3970,9997
2014-03-23,30010,3828,10333
2014-03-24,21814,2817,7212
2014-03-25,19589,2445,6432
2014-03-26,18365,2735,5914
2014-03-27,20291,3102,6817
2014-03-28,22065,3212,7641
2014-03-29,27277,3926,9990
2014-03-30,29286,3683,10187
2014-03-31,20559,2930,7183
2014-04-01,22367,3100,8241
2014-04-02,23418,2854,7427
2014-04-03,25406,3178,8020
2014-04-04,24541,3218,7926
2014-04-05,32344,3963,10469
2014-04-06,35030,3548,10212
2014-04-07,26183,2992,7419
2014-04-08,25383,2731,7134
2014-04-09,25785,2881,6543
2014-04-10,23049,2765,7224
2014-04-11,26533,3447,8459
2014-04-12,32082,3821,10252
2014-04-13,32339,3497,10247
2014-04-14,25187,2723,7841
2014-04-15,26054,2844,7498
2014-04-16,23936,2873,7419
2014-04-17,23347,2953,6893
2014-04-18,27116,3385,8404
2014-04-19,33915,4210,9694
2014-04-20,28310,2990,7634
2014-04-21,21512,2961,7153
2014-04-22,20729,2991,6958
2014-04-23,20706,3165,6566
2014-04-24,20830,3106,6856
2014-04-25,23074,3151,7202
2014-04-26,28761,4018,9598
2014-04-27,29977,3399,10064
2014-04-28,21699,2735,7074
2014-04-29,20737,2634,6494
2014-04-30,19469,2677,6737
2014-05-01,22866,2944,8049
2014-05-02,26782,3498,8671
2014-05-03,31830,4079,10633
2014-05-04,31271,3727,10141
2014-05-05,25077,2938,7805
2014-05-06,23661,2838,7112
2014-05-07,22628,2921,6597
2014-05-08,22511,2957,6351
2014-05-09,25546,3343,7474
2014-05-10,30074,3910,8859
2014-05-11,27298,3361,7521
2014-05-12,27812,2787,7323
2014-05-13,24218,2995,6631
2014-05-14,23780,2752,6285
2014-05-15,24173,2838,6511
2014-05-16,23449,3315,7825
2014-05-17,26750,3802,9467
2014-05-18,29904,3784,9332
2014-05-19,22296,3004,7014
2014-05-20,20432,3015,6479
2014-05-21,20041,2867,6175
2014-05-22,21061,2987,6338
2014-05-23,22806,3349,7270
2014-05-24,26077,3584,8725
2014-05-25,24953,3292,7720
2014-05-26,23030,2845,7584
2014-05-27,19258,2998,6656
2014-05-28,18649,2909,6551
2014-05-29,18571,2714,6404
2014-05-30,21978,3633,8129
2014-05-31,27013,3832,9847
2014-06-01,30257,4128,10217
2014-06-02,25930,3199,8183
2014-06-03,26780,3524,8053
2014-06-04,22674,3108,7117
2014-06-05,25235,3071,7349
2014-06-06,26546,3214,7697
2014-06-07,30926,3759,9662
2014-06-08,32366,3641,9272
2014-06-09,28106,2798,7352
2014-06-10,23602,2984,7072
2014-06-11,25260,2896,6488
2014-06-12,25386,3157,6534
2014-06-13,27105,3540,7711
2014-06-14,32069,3950,8965
2014-06-15,31111,3276,8107
2014-06-16,24640,3177,7386
2014-06-17,23438,2990,7114
2014-06-18,22674,2974,6621
2014-06-19,23023,2899,7198
2014-06-20,26120,3423,8453
2014-06-21,28669,4083,9668
2014-06-22,29067,3612,9781
2014-06-23,22832,3180,7146
2014-06-24,20933,2924,6784
2014-06-25,19372,2806,6643
2014-06-26,19671,2803,6882
2014-06-27,22605,3572,7901
2014-06-28,26545,3709,9676
2014-06-29,27798,3513,8900
2014-06-30,22767,3105,7577
2014-07-01,25368,3478,8893
2014-07-02,26627,3264,7978
2014-07-03,33512,4041,9475
2014-07-04,28079,2983,7531
2014-07-05,28344,3466,8972
2014-07-06,32381,3629,9480
2014-07-07,26648,2918,8069
2014-07-08,26138,2966,7344
2014-07-09,27032,2856,7326
2014-07-10,25171,2864,7144
2014-07-11,28959,3197,8097
2014-07-12,33824,3876,9996
2014-07-13,30968,3488,9219
2014-07-14,25885,2976,7420
2014-07-15,25642,2869,7304
2014-07-16,22519,3238,7254
2014-07-17,22267,2851,7312
2014-07-18,24546,3339,8564
2014-07-19,28496,3807,10177
2014-07-20,29167,3567,9955
2014-07-21,22955,2789,7707
2014-07-22,21800,2752,6960
2014-07-23,21138,2742,7059
2014-07-24,21227,2627,6671
2014-07-25,23070,3136,7642
2014-07-26,26184,3523,9301
2014-07-27,28634,3577,10003
2014-07-28,22052,2794,7786
2014-07-29,20932,2740,7033
2014-07-30,20748,2675,6911
2014-07-31,21259,3038,7543
2014-08-01,28538,4122,10469
2014-08-02,32037,4074,10900
2014-08-03,33206,3977,10389
2014-08-04,24910,3040,7849
2014-08-05,25876,2794,7568
2014-08-06,24627,2894,7026
2014-08-07,24418,2972,7187
2014-08-08,27082,3056,8842
2014-08-09,31427,3604,10227
2014-08-10,29660,3576,10013
2014-08-11,25554,2823,7745
2014-08-12,25925,3134,7613
2014-08-13,24240,2775,7404
2014-08-14,24299,2958,7279
2014-08-15,26603,3247,8408
2014-08-16,30693,3575,10287
2014-08-17,32011,3449,11213
2014-08-18,24256,2948,8175
2014-08-19,21524,2699,7736
2014-08-20,21610,2656,7581
2014-08-21,22176,2747,7476
2014-08-22,25416,3071,8629
2014-08-23,30123,3518,11032
2014-08-24,32701,3634,11108
2014-08-25,23583,2843,8241
2014-08-26,21185,2738,7479
2014-08-27,20049,2646,6811
2014-08-28,20235,2749,6992
2014-08-29,24645,3238,9810
2014-08-30,28541,3735,10961
2014-08-31,25911,3343,9956
2014-09-01,29391,3343,10522
2014-09-02,23928,2941,7430
2014-09-03,26278,2998,8121
2014-09-04,21739,2681,7063
2014-09-05,24910,3428,7628
2014-09-06,32202,3590,10225
2014-09-07,32390,3432,10131
2014-09-08,25246,2685,7649
2014-09-09,24565,2795,6807
2014-09-10,22171,2657,6964
2014-09-11,24581,2733,7166
2014-09-12,26997,3233,8129
2014-09-13,32734,3849,10996
2014-09-14,31956,3434,10357
2014-09-15,26237,2615,7707
2014-09-16,21649,2595,6793
2014-09-17,20181,2775,6875
2014-09-18,19690,2588,6583
2014-09-19,23459,3071,8302
2014-09-20,28253,3954,10825
2014-09-21,30236,3675,10491
2014-09-22,21874,2414,7222
2014-09-23,20101,2554,6755
2014-09-24,19860,2553,6588
2014-09-25,19607,2887,7017
2014-09-26,22516,2996,7615
2014-09-27,27616,3607,9616
2014-09-28,29051,3542,10331
2014-09-29,21374,2691,7408
2014-09-30,19694,2776,7520
2014-10-01,22444,3376,8782
2014-10-02,23469,2880,7900
2014-10-03,28194,3648,9994
2014-10-04,31579,4251,11369
2014-10-05,33934,3569,10858
2014-10-06,26480,3435,7804
2014-10-07,23126,2689,7336
2014-10-08,22984,3023,7178
2014-10-09,23930,2730,7078
2014-10-10,23519,3442,8040
2014-10-11,30005,3947,10609
2014-10-12,32667,3624,10444
2014-10-13,23532,2893,7132
2014-10-14,22727,2994,6730
2014-10-15,23904,3296,6993
2014-10-16,20191,3051,6694
2014-10-17,21996,3577,7857
2014-10-18,28603,4389,10763
2014-10-19,29321,3805,10330
2014-10-20,21668,3076,7489
2014-10-21,19239,3310,6818
2014-10-22,18397,3109,6420
2014-10-23,18717,2942,6847
2014-10-24,21476,3461,7853
2014-10-25,26644,4312,9797
2014-10-26,26729,3788,9680
2014-10-27,20744,3321,7138
2014-10-28,18623,3267,6450
2014-10-29,18432,3122,6009
2014-10-30,20327,3469,6439
2014-10-31,21905,3451,7494
2014-11-01,28502,4592,11155
2014-11-02,31405,3797,10870
2014-11-03,26473,3510,8581
2014-11-04,21275,3276,7401
2014-11-05,21448,2570,6814
2014-11-06,23211,2973,7039
2014-11-07,23216,3382,8165
2014-11-08,29746,3917,10607
2014-11-09,33237,3805,10373
2014-11-10,23987,2971,7491
2014-11-11,22849,3200,6539
2014-11-12,22050,2760,5680
2014-11-13,20171,2766,5774
2014-11-14,24077,3460,7202
2014-11-15,30298,4372,9713
2014-11-16,29793,3878,9845
2014-11-17,21768,3221,6822
2014-11-18,19080,2921,6013
2014-11-19,18792,3134,6121
2014-11-20,18919,2940,6388
2014-11-21,21626,3572,7665
2014-11-22,27628,4267,10507
2014-11-23,26974,3763,9893
2014-11-24,21392,2994,7212
2014-11-25,21890,3161,6837
2014-11-26,25784,3401,7718
2014-11-27,16319,1525,4000
2014-11-28,16985,2709,6660
2014-11-29,22000,3609,8847
2014-11-30,24009,3250,8546
2014-12-01,21873,3964,8468
2014-12-02,20763,3264,6542
2014-12-03,22236,3351,7018
2014-12-04,20851,3241,7424
2014-12-05,24634,3545,8784
2014-12-06,29601,4451,9763
2014-12-07,29168,4006,9353
2014-12-08,23523,2920,6671
2014-12-09,23051,3352,6264
2014-12-10,22292,3365,6241
2014-12-11,18824,2260,5031
2014-12-12,23024,3351,7127
2014-12-13,26728,4026,9282
2014-12-14,28631,3993,9382
2014-12-15,24135,3185,6807
2014-12-16,20667,3125,6144
2014-12-17,20575,3011,6566
2014-12-18,22927,3138,6302
2014-12-19,20091,3322,6421
2014-12-20,25103,4347,8971
2014-12-21,25926,3893,8669
2014-12-22,22904,3454,7378
2014-12-23,23893,3620,7349
2014-12-24,21336,2564,5717
2014-12-25,20,0,0
2014-12-26,20588,3601,8720
2014-12-27,20407,3542,8645
2014-12-28,20663,3049,8182
2014-12-29,19236,3195,7559
2014-12-30,19369,2928,7120
2014-12-31,23280,3048,7122
2015-01-01,17537,2579,6336
2015-01-02,25666,4362,9605
2015-01-03,28020,3540,9525
2015-01-04,28286,3482,7879
2015-01-05,24896,3034,6761
2015-01-06,24039,2862,5781
2015-01-07,21233,2559,5373
2015-01-08,21084,2541,5404
2015-01-09,24722,3210,6453
2015-01-10,30405,4103,9438
2015-01-11,31664,3389,10013
2015-01-12,25343,2948,7283
2015-01-13,21066,2886,6372
2015-01-14,21929,2651,6479
2015-01-15,23072,2890,7101
2015-01-16,23449,3308,8132
2015-01-17,30173,4250,10746
2015-01-18,27364,3655,9705
2015-01-19,22686,3320,8406
2015-01-20,18946,2769,6648
2015-01-21,18680,2966,6463
2015-01-22,17073,2723,5999
2015-01-23,21519,3248,7454
2015-01-24,27447,4280,10454
2015-01-25,28499,4181,9943
2015-01-26,20207,3196,6955
2015-01-27,18547,2792,6534
2015-01-28,18806,2822,6476
2015-01-29,18140,3253,6832
2015-01-30,23064,4163,10213
2015-01-31,32468,5183,13177
2015-02-01,27553,3576,9256
2015-02-02,23799,3132,8075
2015-02-03,25292,3716,8397
2015-02-04,22528,3419,8045
2015-02-05,23002,3795,7850
2015-02-06,24697,3427,8685
2015-02-07,33393,4878,12565
2015-02-08,33980,3982,11757
2015-02-09,27130,3414,8626
2015-02-10,23701,3582,8181
2015-02-11,24383,3413,7905
2015-02-12,26897,3605,8068
2015-02-13,24889,3801,8246
2015-02-14,27659,4119,9836
2015-02-15,28746,4073,11188
2015-02-16,23988,3530,9629
2015-02-17,19768,3275,7654
2015-02-18,18125,3130,7250
2015-02-19,18453,3234,7121
2015-02-20,20872,3678,8569
2015-02-21,25850,4304,11955
2015-02-22,26932,4342,12485
2015-02-23,19673,3177,8672
2015-02-24,18685,3121,7974
2015-02-25,17822,3269,8136
2015-02-26,17921,3271,8031
2015-02-27,19849,4042,9675
2015-02-28,26374,4914,12866
2015-03-01,28980,4606,11600
2015-03-02,23531,3490,8377
2015-03-03,23061,3267,8059
2015-03-04,20843,3301,7630
2015-03-05,22163,3471,7185
2015-03-06,24332,3439,8166
2015-03-07,28690,4599,10940
2015-03-08,30939,4452,11988
2015-03-09,24156,3288,8576
2015-03-10,21362,3182,9053
2015-03-11,21232,3281,8378
2015-03-12,22790,3426,8175
2015-03-13,23662,3547,9414
2015-03-14,28353,4251,11867
2015-03-15,32233,4523,12071
2015-03-16,23103,3575,8817
2015-03-17,20786,3109,7517
2015-03-18,19329,3200,7418
2015-03-19,18970,3090,7309
2015-03-20,20787,3644,8568
2015-03-21,26272,4236,11474
2015-03-22,27824,4331,11859
2015-03-23,21000,3249,8089
2015-03-24,17007,3014,6820
2015-03-25,20386,3342,8267
2015-03-26,18994,3178,7730
2015-03-27,20619,3730,8186
2015-03-28,25981,4675,10875
2015-03-29,27500,4214,10869
2015-03-30,20364,3435,8100
2015-03-31,19656,3256,8044
2015-04-01,22077,3847,9136
2015-04-02,22352,3385,8080
2015-04-03,29325,4384,10399
2015-04-04,32041,4800,11578
2015-04-05,27635,3679,10322
2015-04-06,23578,3816,8821
2015-04-07,22066,3764,8081
2015-04-08,22413,3534,8202
2015-04-09,22856,3308,8273
2015-04-10,23341,3947,9565
2015-04-11,28740,4522,12010
2015-04-12,31177,4156,11847
2015-04-13,22827,3191,8476
2015-04-14,22468,3330,7799
2015-04-15,23119,3486,8085
2015-04-16,20808,2991,7632
2015-04-17,21824,2873,8362
2015-04-18,26782,4385,11349
2015-04-19,28414,4364,11581
2015-04-20,20965,3265,8888
2015-04-21,19239,3317,7671
2015-04-22,19273,3495,7614
2015-04-23,19381,3341,7936
2015-04-24,21930,4015,8478
2015-04-25,27548,4519,11531
2015-04-26,28143,4463,10800
2015-04-27,22109,3412,7923
2015-04-28,19376,3098,7276
2015-04-29,18440,3366,6861
2015-04-30,20054,3318,7181
2015-05-01,26192,4314,10470
2015-05-02,31415,4312,11325
2015-05-03,33010,4315,11777
2015-05-04,24771,3927,9471
2015-05-05,23947,3317,7825
2015-05-06,23769,3626,7901
2015-05-07,22221,3450,7650
2015-05-08,24395,4228,8801
2015-05-09,31497,4508,11264
2015-05-10,25394,3762,8874
2015-05-11,24658,3707,8827
2015-05-12,23653,3392,7988
2015-05-13,22032,3474,8179
2015-05-14,21090,3170,7794
2015-05-15,24383,3832,9549
2015-05-16,27507,4533,12296
2015-05-17,28068,4453,11972
2015-05-18,21915,3453,8928
2015-05-19,19435,3463,7773
2015-05-20,19514,3538,8106
2015-05-21,19400,3442,7759
2015-05-22,22834,4177,9256
2015-05-23,24287,4843,10845
2015-05-24,23145,3952,10329
2015-05-25,24038,3826,9953
2015-05-26,19085,3740,8054
2015-05-27,18855,3340,7902
2015-05-28,18907,3322,7987
2015-05-29,20106,3815,9004
2015-05-30,25104,4316,11518
2015-05-31,26777,4446,12240
2015-06-01,23876,4185,10593
2015-06-02,24951,3441,9032
2015-06-03,24806,3781,9403
2015-06-04,22797,3527,8598
2015-06-05,26735,3790,9364
2015-06-06,31506,4704,11297
2015-06-07,32962,4255,11209
2015-06-08,27594,3448,8880
2015-06-09,26624,3184,8376
2015-06-10,23633,3309,8234
2015-06-11,24558,3166,7861
2015-06-12,27193,3897,9192
2015-06-13,29284,4224,11345
2015-06-14,33602,4038,11341
2015-06-15,34524,3819,9237
2015-06-16,21346,2971,7381
2015-06-17,20254,3331,7893
2015-06-18,22419,3457,8549
2015-06-19,24540,3989,9300
2015-06-20,28664,4491,11100
2015-06-21,27466,4002,9945
2015-06-22,22424,3483,8939
2015-06-23,21517,3183,8371
2015-06-24,20419,3354,7849
2015-06-25,21055,3309,8012
2015-06-26,23007,3730,9208
2015-06-27,26843,4153,11217
2015-06-28,27385,4271,11290
2015-06-29,21250,3798,8880
2015-06-30,20492,3553,8134
2015-07-01,23937,4028,10112
2015-07-02,27128,3988,10728
2015-07-03,35834,5360,12960
2015-07-04,25710,3063,8716
2015-07-05,28844,3940,10748
2015-07-06,28086,3651,9801
2015-07-07,25289,3581,8485
2015-07-08,24232,3670,8147
2015-07-09,26429,3633,8148
2015-07-10,26862,3903,9130
2015-07-11,31624,4501,11280
2015-07-12,33585,4333,11676
2015-07-13,26277,3390,9391
2015-07-14,25155,3257,8419
2015-07-15,25664,3531,8900
2015-07-16,24624,3734,9120
2015-07-17,27650,4118,10079
2015-07-18,29362,4459,11839
2015-07-19,30935,4672,12177
2015-07-20,24475,3568,9504
2015-07-21,22004,3478,8656
2015-07-22,21473,3447,8456
2015-07-23,21974,3554,8667
2015-07-24,24470,3976,9995
2015-07-25,27336,4009,11279
2015-07-26,28447,4058,11687
2015-07-27,23151,3555,9420
2015-07-28,21370,3309,8276
2015-07-29,20647,3006,7940
2015-07-30,21418,3672,8497
2015-07-31,25513,4499,11466
2015-08-01,30788,4947,13415
2015-08-02,34208,4401,12932
2015-08-03,29976,4065,11216
2015-08-04,24605,3559,9494
2015-08-05,25804,3711,8764
2015-08-06,25699,3414,8685
2015-08-07,26559,3615,9963
2015-08-08,31287,4688,12129
2015-08-09,34965,4593,12403
2015-08-10,25278,3565,9481
2015-08-11,24541,3310,8598
2015-08-12,25068,3555,8728
2015-08-13,23609,3608,8838
2015-08-14,26661,3875,10226
2015-08-15,31524,4557,12355
2015-08-16,33402,4407,12731
2015-08-17,25751,3632,9729
2015-08-18,22549,3485,9211
2015-08-19,21440,3569,8698
2015-08-20,20399,3280,8837
2015-08-21,23172,3756,10035
2015-08-22,27509,4736,12835
2015-08-23,30046,4389,13161
2015-08-24,22495,3481,9117
2015-08-25,19432,3357,8506
2015-08-26,19684,3744,8539
2015-08-27,20179,3494,8403
2015-08-28,23083,3765,9403
2015-08-29,27956,4620,12660
2015-08-30,30750,4420,13347
2015-08-31,22742,3705,9438
2015-09-01,23606,3876,10473
2015-09-02,23616,3699,9275
2015-09-03,26022,3595,10002
2015-09-04,24884,4303,10083
2015-09-05,31105,4304,12078
2015-09-06,30802,4051,10395
2015-09-07,30984,3900,10878
2015-09-08,24625,3169,8375
2015-09-09,26091,3465,8546
2015-09-10,23652,3411,8630
2015-09-11,26699,3902,9685
2015-09-12,33062,4516,12525
2015-09-13,34321,4510,12509
2015-09-14,25746,3413,8912
2015-09-15,25522,3406,8497
2015-09-16,22361,3425,7859
2015-09-17,22159,3685,8154
2015-09-18,24862,4099,9728
2015-09-19,31020,4723,12536
2015-09-20,33168,4487,12324
2015-09-21,23952,3350,8843
2015-09-22,21737,3548,8233
2015-09-23,21713,3430,8354
2015-09-24,21615,3390,7962
2015-09-25,24758,3847,10075
2015-09-26,30063,4427,12146
2015-09-27,31061,4435,12117
2015-09-28,22385,3357,8520
2015-09-29,19347,3284,7984
2015-09-30,19656,3527,8087
2015-10-01,23495,4224,9958
2015-10-02,28869,4474,11033
2015-10-03,36094,4930,13663
2015-10-04,35413,4879,12603
2015-10-05,29609,3488,9377
2015-10-06,27077,3397,8381
2015-10-07,24077,3693,8117
2015-10-08,25654,3349,8816
2015-10-09,29016,4278,10301
2015-10-10,31332,4715,12740
2015-10-11,33686,4248,11770
2015-10-12,29101,3754,9385
2015-10-13,24216,3390,8075
2015-10-14,23134,3514,7600
2015-10-15,24750,3629,7974
2015-10-16,25100,4183,9139
2015-10-17,30592,5213,12008
2015-10-18,32013,4768,12183
2015-10-19,23216,3690,8396
2015-10-20,21671,3518,7915
2015-10-21,20943,3854,7614
2015-10-22,21407,3712,7651
2015-10-23,24514,4313,9194
2015-10-24,28678,4977,11351
2015-10-25,29898,4958,11323
2015-10-26,22443,3837,8812
2015-10-27,20743,4036,7540
2015-10-28,19954,3551,7762
2015-10-29,21181,4070,7981
2015-10-30,25171,4700,10643
2015-10-31,26863,4888,10992
2015-11-01,29443,4745,12806
2015-11-02,23514,3797,9146
2015-11-03,24325,4017,9655
2015-11-04,20142,3646,8314
2015-11-05,22225,4013,8437
2015-11-06,25362,4325,9934
2015-11-07,30094,4681,12566
2015-11-08,31634,4932,11845
2015-11-09,25378,3402,8135
2015-11-10,21722,3666,7986
2015-11-11,21893,3705,7740
2015-11-12,22543,3551,7148
2015-11-13,23272,4198,8725
2015-11-14,30514,4746,12082
2015-11-15,33444,4605,11706
2015-11-16,23385,3907,8443
2015-11-17,18746,3563,6865
2015-11-18,20550,3765,7845
2015-11-19,20554,3942,7869
2015-11-20,24562,4424,9371
2015-11-21,27164,4498,11131
2015-11-22,28639,4817,11469
2015-11-23,22584,3819,8737
2015-11-24,22388,3901,7933
2015-11-25,27049,4187,8888
2015-11-26,16789,1631,5211
2015-11-27,16847,3248,7486
2015-11-28,20830,4060,9322
2015-11-29,23727,4057,9998
2015-11-30,19997,3796,8223
2015-12-01,21368,4193,9257
2015-12-02,21893,3620,8219
2015-12-03,23910,4478,9641
2015-12-04,23329,4397,10461
2015-12-05,29867,5287,11871
2015-12-06,31794,4919,11702
2015-12-07,23267,3637,8504
2015-12-08,21889,3590,7434
2015-12-09,22372,3627,7691
2015-12-10,20841,3738,7580
2015-12-11,23632,4209,8502
2015-12-12,29677,4973,11325
2015-12-13,29546,4738,10849
2015-12-14,25062,3876,8584
2015-12-15,24296,3761,8073
2015-12-16,22432,3861,7830
2015-12-17,23600,3955,7899
2015-12-18,22330,4142,8284
2015-12-19,27459,5001,11028
2015-12-20,27441,4878,10692
2015-12-21,22816,4015,8691
2015-12-22,23904,3966,8742
2015-12-23,25401,4271,9080
2015-12-24,24801,3408,8018
2015-12-25,13,0,1
2015-12-26,22488,4977,10912
2015-12-27,21520,4092,9766
2015-12-28,18407,3428,8129
2015-12-29,19586,3607,8700
2015-12-30,21653,3686,8788
2015-12-31,28448,4199,10412
2016-01-01,21078,3182,8391
2016-01-02,27822,4951,11964
2016-01-03,29314,3860,11166
2016-01-04,23620,3742,9331
2016-01-05,23769,3327,8210
2016-01-06,22361,3240,7084
2016-01-07,24445,3327,8172
2016-01-08,26351,3772,8813
2016-01-09,35798,4836,12246
2016-01-10,32270,4378,10721
2016-01-11,27101,3209,7676
2016-01-12,24972,3040,7110
2016-01-13,22345,3017,6869
2016-01-14,24669,3421,7766
2016-01-15,28620,3730,9440
2016-01-16,34155,4724,12267
2016-01-17,30334,4133,11066
2016-01-18,25872,3329,9139
2016-01-19,21864,3048,7076
2016-01-20,21667,3399,7618
2016-01-21,20893,3374,7512
2016-01-22,23987,3763,8557
2016-01-23,31424,4812,12691
2016-01-24,31610,4107,12115
2016-01-25,22259,3505,8625
2016-01-26,19981,3040,7425
2016-01-27,20132,3596,7621
2016-01-28,21111,3420,7935
2016-01-29,24055,3978,9606
2016-01-30,30863,5139,13102
2016-01-31,32698,5154,12979
2016-02-01,26690,4104,10920
2016-02-02,23333,3304,8291
2016-02-03,26298,3733,9309
2016-02-04,23300,3597,8527
2016-02-05,26722,4039,9432
2016-02-06,37412,5097,12531
2016-02-07,32421,4086,10386
2016-02-08,25144,3171,8489
2016-02-09,26372,3593,8548
2016-02-10,26112,3625,9616
2016-02-11,30452,3896,10236
2016-02-12,30248,3835,10139
2016-02-13,35686,4965,13064
2016-02-14,32998,4103,11236
2016-02-15,31682,3593,10877
2016-02-16,25542,3546,8614
2016-02-17,24359,3394,8792
2016-02-18,23740,3603,9093
2016-02-19,26388,3938,10066
2016-02-20,32750,4904,13203
2016-02-21,34196,4528,13357
2016-02-22,24198,3693,9437
2016-02-23,22133,3295,8553
2016-02-24,21961,3304,8803
2016-02-25,22406,3314,8895
2016-02-26,24208,3957,9484
2016-02-27,31067,4389,12431
2016-02-28,32834,4884,13197
2016-02-29,24087,3449,9723
2016-03-01,23458,3513,9565
2016-03-02,25150,3813,9495
2016-03-03,27241,3860,10358
2016-03-04,25878,3703,9744
2016-03-05,35200,4636,12486
2016-03-06,38547,4879,13792
2016-03-07,27978,3356,9228
2016-03-08,26276,3240,8211
2016-03-09,25601,3203,8228
2016-03-10,25491,3787,8989
2016-03-11,27897,3333,9657
2016-03-12,34734,4810,13167
2016-03-13,34710,4229,12482
2016-03-14,29086,3593,9356
2016-03-15,27703,3552,8862
2016-03-16,24605,3621,8380
2016-03-17,23502,3218,8289
2016-03-18,26455,3794,9403
2016-03-19,29999,4735,11447
2016-03-20,31758,4006,12061
2016-03-21,24910,3342,9108
2016-03-22,24242,3140,8093
2016-03-23,23262,3422,8102
2016-03-24,22874,3352,7777
2016-03-25,30906,4230,10475
2016-03-26,37135,4476,12252
2016-03-27,32236,3643,10481
2016-03-28,23285,3555,9201
2016-03-29,22191,3446,8220
2016-03-30,21017,3333,8009
2016-03-31,22127,3421,9133
2016-04-01,28627,4790,12119
2016-04-02,34284,4863,13525
2016-04-03,37633,4903,13889
2016-04-04,27025,3661,9732
2016-04-05,27243,3477,8963
2016-04-06,27238,3379,8517
2016-04-07,25655,3443,9018
2016-04-08,29449,4066,9705
2016-04-09,38334,4739,13267
2016-04-10,36446,4525,12885
2016-04-11,29091,3716,9620
2016-04-12,27424,3384,8261
2016-04-13,23888,3557,7748
2016-04-14,25456,3786,8287
2016-04-15,28682,3786,9321
2016-04-16,32007,4634,11721
2016-04-17,34497,4820,12323
2016-04-18,26151,3323,8585
2016-04-19,24948,3787,8835
2016-04-20,23632,3472,8239
2016-04-21,23317,3353,8363
2016-04-22,26704,4085,9728
2016-04-23,31927,4787,12248
2016-04-24,32654,4683,12458
2016-04-25,25953,3782,9058
2016-04-26,23519,3645,8323
2016-04-27,22872,3730,7843
2016-04-28,22915,3742,8075
2016-04-29,27668,4085,11143
2016-04-30,32723,5214,12492
2016-05-01,35369,4858,12805
2016-05-02,29142,4059,9980
2016-05-03,29594,4373,10347
2016-05-04,27199,3708,8694
2016-05-05,28193,3802,8768
2016-05-06,30407,3879,9519
2016-05-07,36752,5003,12484
2016-05-08,31835,4062,9712
2016-05-09,32906,3895,9599
2016-05-10,27331,3588,8460
2016-05-11,29303,3817,9128
2016-05-12,28142,3706,8655
2016-05-13,30107,3871,10095
2016-05-14,36576,4893,12839
2016-05-15,41447,5016,13458
2016-05-16,29158,3528,9676
2016-05-17,26148,3629,9000
2016-05-18,24790,3740,8566
2016-05-19,24737,3475,8751
2016-05-20,28136,4143,10273
2016-05-21,33599,5333,12586
2016-05-22,35967,5280,13091
2016-05-23,27240,3664,9481
2016-05-24,25172,3979,8605
2016-05-25,23855,3913,8587
2016-05-26,24983,3541,8712
2016-05-27,26718,3973,9333
2016-05-28,32152,4880,11964
2016-05-29,30489,4133,11082
2016-05-30,28016,3974,10353
2016-05-31,24077,3701,9391
2016-06-01,27266,4361,10688
2016-06-02,26074,3699,9810
2016-06-03,31481,4714,11587
2016-06-04,33785,4881,13661
2016-06-05,36645,4591,12801
2016-06-06,31018,3784,9931
2016-06-07,28232,3434,8972
2016-06-08,27559,3460,8923
2016-06-09,29750,3592,9143
2016-06-10,29953,4525,9946
2016-06-11,36046,4952,12501
2016-06-12,37295,4828,12262
2016-06-13,29346,3812,9396
2016-06-14,28532,3698,8940
2016-06-15,29138,4090,9121
2016-06-16,26656,3913,9132
2016-06-17,29359,4331,10147
2016-06-18,33728,4846,11774
2016-06-19,32545,4049,10471
